ccy,idiff,fstar,rx,dlogE,realized_uip_1y
AUD,0.008593378378,13.58218504,-0.001627486201,0.00236515512,-0.007508206087
BRL,0.08128705882,-14.02737269,0.001215029612,0.005559284114,0.006628240611
CAD,-0.00172127027,3.565379468,-0.002133791455,0.002003654068,-0.01974970994
CHF,-0.01918969887,29.39346111,-0.0009548653613,-0.000622026312,-0.0001282758194
EUR,-0.01004210945,-16.21228131,-0.001620513151,0.0008007099837,-0.01821292739
GBP,-0.003130589189,17.64308034,-0.0009013865135,0.0006473279549,-0.01201548101
JPY,-0.01534726033,13.98291035,-0.004940336066,0.003677355812,-0.05134543669
MXN,0.04873837838,-33.68803549,0.001978621922,0.002091062763,0.02851071046
NZD,0.009674054054,8.604709535,-0.0009288415414,0.001755012713,-0.00141921423
ZAR,0.04082634483,-9.676332508,-0.001446189252,0.004865351059,0.01784374555
