currency,nobs,beta_dfstar,p_dfstar,beta_didiff,p_didiff,r2
EUR,178,0.0003183175295,0.000118296833,-0.0443130142,0.9510796707,0.7720144372
AUD,185,0.0002913609326,5.412025785e-10,0.7277267283,0.3450245444,0.7510504353
NZD,185,0.0003194494226,6.359748997e-09,0.3821482815,0.7615211808,0.729274976
CAD,185,0.0001570897452,4.496382755e-05,-1.895092203,0.02202258255,0.7171809458
GBP,185,0.0003787152888,2.243953554e-08,0.7982350114,0.2757721041,0.6519237618
MXN,185,0.0003682964591,4.641255928e-05,-0.3506675181,0.7227252486,0.6377598048
CHF,185,0.0002906818308,2.413960562e-05,1.230226735,0.3257366513,0.6321591608
ZAR,122,6.593907438e-05,0.3728284525,-0.4363253644,0.6323551687,0.5206959735
JPY,184,0.0003944213775,3.233534359e-06,-2.337570967,0.01783276819,0.490940518
BRL,170,0.0002449213246,0.004726225051,-0.5006039957,0.2963271908,0.4767599749
